{
	"format_version": "1.12.0",
	"minecraft:geometry": [
		{
			"description": {
				"identifier": "geometry.unknown",
				"texture_width": 64,
				"texture_height": 64,
				"visible_bounds_width": 2,
				"visible_bounds_height": 1.5,
				"visible_bounds_offset": [0, 0.25, 0]
			},
			"bones": [
				{
					"name": "muzzle_silence_knight_qd",
					"pivot": [8, 0, -0.04687],
					"cubes": [
						{
							"origin": [-0.8125, -0.90625, -0.42187],
							"size": [1.625, 0.375, 0.1875],
							"uv": {
								"north": {"uv": [35, 4], "uv_size": [1.625, 0.375]},
								"east": {"uv": [22, 39], "uv_size": [0.25, 0.375]},
								"south": {"uv": [35, 6], "uv_size": [1.625, 0.375]},
								"west": {"uv": [24, 39], "uv_size": [0.25, 0.375]},
								"up": {"uv": [38, 2], "uv_size": [1.625, 0.25]},
								"down": {"uv": [38, 4.25], "uv_size": [1.625, -0.25]}
							}
						},
						{
							"origin": [0.625, -0.09375, -0.17187],
							"size": [0.25, 0.25, 0.0625],
							"uv": {
								"north": {"uv": [40, 6], "uv_size": [0.25, 0.25]},
								"east": {"uv": [34, 40], "uv_size": [0.125, 0.25]},
								"south": {"uv": [8, 40], "uv_size": [0.25, 0.25]},
								"west": {"uv": [36, 40], "uv_size": [0.125, 0.25]},
								"up": {"uv": [40, 36], "uv_size": [0.25, 0.125]},
								"down": {"uv": [38, 40.125], "uv_size": [0.25, -0.125]}
							}
						},
						{
							"origin": [0.81629, -0.09375, -0.25111],
							"size": [0.125, 0.25, 0.0625],
							"pivot": [0.94129, 0.03125, -0.21986],
							"rotation": [0, 45, 0],
							"uv": {
								"north": {"uv": [40, 38], "uv_size": [0.125, 0.25]},
								"east": {"uv": [40, 40], "uv_size": [0.125, 0.25]},
								"south": {"uv": [0, 41], "uv_size": [0.125, 0.25]},
								"west": {"uv": [2, 41], "uv_size": [0.125, 0.25]},
								"up": {"uv": [12, 41], "uv_size": [0.125, 0.125]},
								"down": {"uv": [14, 41.125], "uv_size": [0.125, -0.125]}
							}
						},
						{
							"origin": [0.86964, -0.09375, -0.29151],
							"size": [0.1875, 0.25, 0.0625],
							"pivot": [0.93214, 0.03125, -0.26026],
							"rotation": [0, 90, 0],
							"uv": {
								"north": {"uv": [40, 8], "uv_size": [0.25, 0.25]},
								"east": {"uv": [41, 2], "uv_size": [0.125, 0.25]},
								"south": {"uv": [10, 40], "uv_size": [0.25, 0.25]},
								"west": {"uv": [4, 41], "uv_size": [0.125, 0.25]},
								"up": {"uv": [41, 4], "uv_size": [0.25, 0.125]},
								"down": {"uv": [6, 41.125], "uv_size": [0.25, -0.125]}
							}
						},
						{
							"origin": [0.25053, -1.19109, -0.42187],
							"size": [0.1875, 0.3247, 0.1875],
							"pivot": [0, -0.00001, -0.32812],
							"rotation": [0, 0, -30],
							"uv": {
								"north": {"uv": [26, 39], "uv_size": [0.25, 0.375]},
								"east": {"uv": [39, 26], "uv_size": [0.25, 0.375]},
								"south": {"uv": [39, 28], "uv_size": [0.25, 0.375]},
								"west": {"uv": [39, 30], "uv_size": [0.25, 0.375]},
								"up": {"uv": [40, 10], "uv_size": [0.25, 0.25]},
								"down": {"uv": [40, 12.25], "uv_size": [0.25, -0.25]}
							}
						},
						{
							"origin": [-0.43803, -1.19109, -0.42187],
							"size": [0.1875, 0.3247, 0.1875],
							"pivot": [0, -0.00001, -0.32812],
							"rotation": [0, 0, 30],
							"uv": {
								"north": {"uv": [32, 39], "uv_size": [0.25, 0.375]},
								"east": {"uv": [39, 32], "uv_size": [0.25, 0.375]},
								"south": {"uv": [39, 34], "uv_size": [0.25, 0.375]},
								"west": {"uv": [40, 0], "uv_size": [0.25, 0.375]},
								"up": {"uv": [40, 14], "uv_size": [0.25, 0.25]},
								"down": {"uv": [16, 40.25], "uv_size": [0.25, -0.25]}
							}
						},
						{
							"origin": [-0.735, -0.30445, -8.00562],
							"size": [0.49, 0.60889, 8],
							"uv": {
								"north": {"uv": [18, 39], "uv_size": [0.5, 0.625]},
								"east": {"uv": [16, 12], "uv_size": [8, 0.625]},
								"south": {"uv": [20, 39], "uv_size": [0.5, 0.625]},
								"west": {"uv": [16, 14], "uv_size": [8, 0.625]},
								"up": {"uv": [28, 32], "uv_size": [0.5, 8]},
								"down": {"uv": [30, 40], "uv_size": [0.5, -8]}
							}
						},
						{
							"origin": [-0.735, -0.30445, -8.00562],
							"size": [0.49, 0.60889, 8],
							"pivot": [0, 0, -7.92187],
							"rotation": [0, 0, 45],
							"uv": {
								"north": {"uv": [12, 39], "uv_size": [0.5, 0.625]},
								"east": {"uv": [16, 8], "uv_size": [8, 0.625]},
								"south": {"uv": [14, 39], "uv_size": [0.5, 0.625]},
								"west": {"uv": [16, 10], "uv_size": [8, 0.625]},
								"up": {"uv": [4, 32], "uv_size": [0.5, 8]},
								"down": {"uv": [6, 40], "uv_size": [0.5, -8]}
							}
						},
						{
							"origin": [0.245, -0.30445, -8.00562],
							"size": [0.49, 0.60889, 8],
							"uv": {
								"north": {"uv": [38, 36], "uv_size": [0.5, 0.625]},
								"east": {"uv": [16, 4], "uv_size": [8, 0.625]},
								"south": {"uv": [38, 38], "uv_size": [0.5, 0.625]},
								"west": {"uv": [16, 6], "uv_size": [8, 0.625]},
								"up": {"uv": [0, 32], "uv_size": [0.5, 8]},
								"down": {"uv": [2, 40], "uv_size": [0.5, -8]}
							}
						},
						{
							"origin": [0.245, -0.30445, -8.00562],
							"size": [0.49, 0.60889, 8],
							"pivot": [0, 0, -7.92187],
							"rotation": [0, 0, 45],
							"uv": {
								"north": {"uv": [34, 38], "uv_size": [0.5, 0.625]},
								"east": {"uv": [16, 0], "uv_size": [8, 0.625]},
								"south": {"uv": [36, 38], "uv_size": [0.5, 0.625]},
								"west": {"uv": [16, 2], "uv_size": [8, 0.625]},
								"up": {"uv": [12, 28], "uv_size": [0.5, 8]},
								"down": {"uv": [14, 36], "uv_size": [0.5, -8]}
							}
						},
						{
							"origin": [-0.30445, 0.245, -8.00562],
							"size": [0.60889, 0.49, 8],
							"uv": {
								"north": {"uv": [38, 14], "uv_size": [0.625, 0.5]},
								"east": {"uv": [32, 22], "uv_size": [8, 0.5]},
								"south": {"uv": [16, 38], "uv_size": [0.625, 0.5]},
								"west": {"uv": [32, 24], "uv_size": [8, 0.5]},
								"up": {"uv": [12, 15], "uv_size": [0.625, 8]},
								"down": {"uv": [14, 23], "uv_size": [0.625, -8]}
							}
						},
						{
							"origin": [-0.30445, 0.245, -8.00562],
							"size": [0.60889, 0.49, 8],
							"pivot": [0, 0, -7.92187],
							"rotation": [0, 0, 45],
							"uv": {
								"north": {"uv": [38, 10], "uv_size": [0.625, 0.5]},
								"east": {"uv": [32, 18], "uv_size": [8, 0.5]},
								"south": {"uv": [38, 12], "uv_size": [0.625, 0.5]},
								"west": {"uv": [32, 20], "uv_size": [8, 0.5]},
								"up": {"uv": [8, 15], "uv_size": [0.625, 8]},
								"down": {"uv": [10, 23], "uv_size": [0.625, -8]}
							}
						},
						{
							"origin": [-0.30445, -0.735, -8.00562],
							"size": [0.60889, 0.49, 8],
							"uv": {
								"north": {"uv": [38, 8], "uv_size": [0.625, 0.5]},
								"east": {"uv": [28, 30], "uv_size": [8, 0.5]},
								"south": {"uv": [10, 38], "uv_size": [0.625, 0.5]},
								"west": {"uv": [32, 16], "uv_size": [8, 0.5]},
								"up": {"uv": [4, 15], "uv_size": [0.625, 8]},
								"down": {"uv": [6, 23], "uv_size": [0.625, -8]}
							}
						},
						{
							"origin": [-0.30445, -0.735, -8.00562],
							"size": [0.60889, 0.49, 8],
							"pivot": [0, 0, -7.92187],
							"rotation": [0, 0, 45],
							"uv": {
								"north": {"uv": [38, 6], "uv_size": [0.625, 0.5]},
								"east": {"uv": [28, 26], "uv_size": [8, 0.5]},
								"south": {"uv": [8, 38], "uv_size": [0.625, 0.5]},
								"west": {"uv": [28, 28], "uv_size": [8, 0.5]},
								"up": {"uv": [0, 15], "uv_size": [0.625, 8]},
								"down": {"uv": [2, 23], "uv_size": [0.625, -8]}
							}
						},
						{
							"origin": [-0.90405, -0.37447, -7.76614],
							"size": [0.6027, 0.74894, 6.625],
							"uv": {
								"north": {"uv": [37, 34], "uv_size": [0.625, 0.75]},
								"east": {"uv": [24, 24], "uv_size": [6.625, 0.75]},
								"south": {"uv": [38, 0], "uv_size": [0.625, 0.75]},
								"west": {"uv": [25, 0], "uv_size": [6.625, 0.75]},
								"up": {"uv": [8, 28], "uv_size": [0.625, 6.625]},